{"cameraMode":{"drawMode":0,"name":"Shaded","section":"Shading Mode"},"sceneLighting":true,"audioPlay":false,"sceneViewState":{"showFog":true,"showMaterialUpdate":false,"showSkybox":true,"showFlares":true,"showImageEffects":true,"showParticleSystems":true,"showVisualEffectGraphs":true,"m_FxEnabled":true},"in2DMode":false,"pivot":{"x":-15.170936584472657,"y":2.4112143516540529,"z":0.021542906761169435},"rotation":{"x":0.02957463636994362,"y":0.744907021522522,"z":-0.033094290643930438,"w":0.6656883955001831},"size":1.6151747703552247,"orthographic":false}