{"cameraMode":{"drawMode":0,"name":"Shaded","section":"Shading Mode"},"sceneLighting":true,"audioPlay":false,"sceneViewState":{"showFog":true,"showMaterialUpdate":false,"showSkybox":true,"showFlares":true,"showImageEffects":true,"showParticleSystems":true,"showVisualEffectGraphs":true,"m_FxEnabled":true},"in2DMode":false,"pivot":{"x":2.3428287506103517,"y":3.2349019050598146,"z":-6.149859428405762},"rotation":{"x":0.15463601052761079,"y":-0.5389829277992249,"z":0.10142314434051514,"w":0.8217661380767822},"size":30.642295837402345,"orthographic":false}