{"cameraMode":{"drawMode":0,"name":"Shaded","section":"Shading Mode"},"sceneLighting":true,"audioPlay":false,"sceneViewState":{"showFog":true,"showMaterialUpdate":false,"showSkybox":true,"showFlares":true,"showImageEffects":true,"showParticleSystems":true,"showVisualEffectGraphs":true,"m_FxEnabled":true},"in2DMode":false,"pivot":{"x":5.695516586303711,"y":0.11424827575683594,"z":29.851600646972658},"rotation":{"x":0.23545855283737184,"y":-0.15664252638816834,"z":0.03844735026359558,"w":0.9584201574325562},"size":37.383731842041019,"orthographic":false}