{"cameraMode":{"drawMode":0,"name":"Shaded","section":"Shading Mode"},"sceneLighting":true,"audioPlay":false,"sceneViewState":{"showFog":true,"showMaterialUpdate":false,"showSkybox":true,"showFlares":true,"showImageEffects":true,"showParticleSystems":true,"showVisualEffectGraphs":true,"m_FxEnabled":true},"in2DMode":false,"pivot":{"x":1.044555425643921,"y":4.970574855804443,"z":-12.888811111450196},"rotation":{"x":0.07384742796421051,"y":0.11344167590141297,"z":-0.008461046032607556,"w":0.9907804131507874},"size":0.7565158605575562,"orthographic":false}